full_name;email;phone;birthdate
Heron Boares;heronboares@gmail.com;890.838.6379;1963-07-20
Allison Hill;jillrhodes@miller.com;890.838.6379;1963-07-20
Abigail Shaffer;joshua35@gmail.com;615-594-0781;2007-05-19
Juan Calderon;janetwilliams@gmail.com;001-413-164-7525x53419;1987-10-30
Nicholas Martin;veronica83@hotmail.com;030-564-1395x37672;1962-08-23
Patrick Ryan;icox@hotmail.com;101.226.9166x9784;1982-04-07
Alexandra Le;daniel62@yahoo.com;4828148932;1970-01-23
Kimberly Osborne;tracy15@allen-allen.org;171-822-7824;1980-07-11
Jenny Lewis;raymond57@hayes.com;001-839-301-0310;2003-02-12
Jose Ramirez;ambercummings@hotmail.com;001-737-631-1656;1972-08-05
Nicholas Nunez;powellmatthew@wright.net;262.473.1781x080;1950-12-19
Sarah Martin;zlewis@gmail.com;(606)474-6872;1957-07-16
Wayne Riley;brian97@calhoun.net;219-136-1939;1985-01-27
Bradley Sandoval;james53@yahoo.com;(247)510-7991x1838;1962-08-31
Gregory Jones;justin78@turner.net;8412411824;1963-10-17
Michelle Harris;dking@gmail.com;+1-640-052-4278x6801;1949-09-27
Melissa Hernandez;brandi26@williams.com;(331)586-9232x260;1956-10-28
Evelyn Galvan;erik16@garrison.com;543.303.6541x458;1971-10-26
Sarah Rivera;wileyjose@estes.biz;(569)816-9340x608;2007-08-09
Melissa Bentley;ryan59@alvarado-martinez.com;465.648.2366x29946;1981-11-27
Elizabeth Clark;rramos@gmail.com;721.489.5134x33200;1961-04-12
Miss Patricia Gibson;psnyder@douglas.com;001-632-870-8317x27889;1966-03-18
Stephanie Salazar;vmerritt@yahoo.com;434.873.4714x345;1966-05-17
Angela Hernandez;jasminebrown@yahoo.com;876-036-6909x67054;1995-11-22
Steven Houston;brobinson@johnson-rogers.biz;001-272-980-6990x1627;1956-12-25
James Lewis;kathleen64@yahoo.com;170-805-3100x330;1986-11-25
Cameron Caldwell;xlyons@jackson-lawson.com;001-241-904-9663x19314;2002-06-25
Renee Hogan;amanda51@holland.info;657-262-8498;1997-05-01
Mr. Nicholas Adams;ramirezshannon@hudson-barnett.com;7527354549;1992-05-02
Kristi Black;allenrichard@chang.info;014.363.4957x885;1973-07-28
Krista Bell MD;jerry35@gmail.com;001-823-374-9894x1343;1969-03-05
Adrian Ferguson;mccannangela@hotmail.com;(710)947-7752;1948-02-11
Scott Wilson;kvasquez@parks.com;318-699-9386;1975-04-11
Elizabeth Chapman;ashley09@hotmail.com;334-123-2812;1944-10-19
Michael Harrison;keithcampbell@jones-hall.com;+1-936-183-2421x0249;1995-08-02
Tammy Gonzales;holly48@hotmail.com;719.065.9401x3990;1996-08-29
Debra Williams;cstone@white-richards.info;756-551-2567;1964-03-25
Jennifer Hodges;qmiller@wilson-barton.net;8760385977;1996-05-02
Derek Anderson;fgilmore@gmail.com;9324808613;2001-11-16
Julia Wilson;scantu@thornton.info;782.639.8214;1997-03-13
Jennifer Villa;campbellkenneth@hotmail.com;001-727-875-5886;1975-08-09
Sheila Pollard;xhall@williams-garner.biz;(270)289-5171x8702;1972-07-08
Tracy Jones;cindy61@yahoo.com;+1-865-780-9134x31611;1974-10-23
Elijah Johnson;carternicholas@gmail.com;869.222.1969;1991-02-08
Thomas Thomas;steve07@yahoo.com;+1-821-759-4647x43671;1960-10-04
Ian Phillips;spencedominique@yahoo.com;9097439533;1986-11-14
Allison Hill;jillrhodes@miller.com;890.838.6379;1963-07-20
Alexandra Le;daniel62@yahoo.com;4828148932;1970-01-23
Invalid Name;invalid_email;12345;1990-01-01
;;;
